{
  "UserAgent": "MobileHub/1.0",
  "Version": "1.0",
  "CredentialsProvider": {
    "CognitoIdentity": {
      "Default": {
        "PoolId": "us-east-1:fa4fa880-71f9-4b5d-9de2-767d6a067f89",
        "Region": "us-east-1"
      }
    }
  },
  "IdentityManager": {
    "Default": {}
  },
  "CognitoUserPool": {
    "Default": {
      "PoolId": "us-east-1_pQWdiNJYQ",
      "AppClientId": "56sap77g53cmrjnu1hhqdntpt6",
      "AppClientSecret": "14l203ir341raha7k8mflflmv4jhgr4lqm8lh7hm0lgiejh1kl47",
      "Region": "us-east-1"
    }
  },
  "S3TransferUtility": {
    "Default": {
      "Bucket": "boletomovil-userfiles-mobilehub-1423791026",
      "Region": "us-east-1"
    }
  },
  "ContentManager": {
    "Default": {
      "Bucket": "boletomovil-hosting-mobilehub-1423791026",
      "Region": "us-east-1",
      "CloudFrontURL": "https://dq37757lg7rvw.cloudfront.net"
    }
  },
  "PinpointAnalytics": {
    "Default": {
      "AppId": "8e6a072c48384c5b9317ba2c6c79d768",
      "Region": "us-east-1"
    }
  },
  "PinpointTargeting": {
    "Default": {
      "Region": "us-east-1"
    }
  },
  "UserFileManager": {
    "Default": {
      "Bucket": "boletomovil-userfiles-mobilehub-1423791026",
      "Region": "us-east-1"
    }
  }
}